{
  "image_size": [5760, 1107],
  "rois": {
    "乾溜ガス化炉A_温度_℃": [
      0.42204861111111114, 0.2935862691960253, 0.4328125, 0.3116531165311653
    ],
    "乾溜ガス化炉A_運転状況": [
      0.41475694444444444, 0.36314363143631434, 0.42239583333333336,
      0.3839205058717254
    ],
    "乾溜空気弁A_開度_%": [
      0.4076388888888889, 0.4986449864498645, 0.4157986111111111,
      0.5158084914182475
    ],
    "乾溜ガス化炉B_温度_℃": [
      0.49166666666666664, 0.2953929539295393, 0.5026041666666666,
      0.3134598012646793
    ],
    "乾溜空気弁B_開度_%": [
      0.47725694444444444, 0.4977416440831075, 0.4857638888888889,
      0.5158084914182475
    ],
    "乾溜ガス化炉B_運転状況": [
      0.48489583333333336, 0.3640469738030714, 0.49236111111111114,
      0.38121047877145436
    ],
    "乾溜ガス化炉C_温度_℃": [
      0.5612847222222223, 0.2935862691960253, 0.5722222222222222,
      0.3116531165311653
    ],
    "乾溜空気弁C_開度_%": [
      0.5470486111111111, 0.4977416440831075, 0.5552083333333333,
      0.5158084914182475
    ],
    "乾溜ガス化炉C_運転状況": [
      0.5545138888888889, 0.36314363143631434, 0.5619791666666667,
      0.3830171635049684
    ],
    "燃焼炉_温度_℃": [
      0.42552083333333335, 0.6784101174345076, 0.43368055555555557,
      0.6991869918699187
    ],
    "排ガス濃度_CO濃度_ppm": [
      0.6177083333333333, 0.6793134598012647, 0.6273055555555556,
      0.6991869918699187
    ],
    "排ガス濃度_O2濃度_%": [
      0.621888, 0.7217705510388437, 0.6270833333333333, 0.7425474254742548
    ]
  }
}
