{
  "image_size": [
    3840,
    1087
  ],
  "rois": {
    "乾溜ガス化炉A_温度_℃": [
      0.25390625,
      0.5326586936522539,
      0.27317708333333335,
      0.5584176632934683
    ],
    "乾溜空気弁A_開度_%": [
      0.25390625,
      0.5602575896964122,
      0.27317708333333335,
      0.5860165593376265
    ],
    "乾溜ガス化炉B_温度_℃": [
      0.25494791666666666,
      0.735050597976081,
      0.2734375,
      0.7635694572217111
    ],
    "乾溜空気弁B_開度_%": [
      0.25364583333333335,
      0.7635694572217111,
      0.27369791666666665,
      0.7911683532658693
    ],
    "燃焼炉_温度_℃": [
      0.3653645833333333,
      0.5409383624655014,
      0.3809895833333333,
      0.5694572217111316
    ],
    "乾溜ガス化炉A_運転状況": [
      0.2703125,
      0.47930082796688134,
      0.2953125,
      0.5068997240110396
    ],
    "乾溜ガス化炉B_運転状況": [
      0.27005208333333336,
      0.6798528058877645,
      0.2953125,
      0.7092916283348666
    ]
  }
}