{
  "image_size": [
    3840,
    1087
  ],
  "rois": {
    "乾溜ガス化炉A_温度_℃": [
      0.003125,
      0.37258509659613614,
      0.01796875,
      0.39006439742410304
    ],
    "乾溜空気弁A_開度_%": [
      0.0020833333333333333,
      0.39098436062557496,
      0.01796875,
      0.41122355105795766
    ],
    "乾溜ガス化炉A_運転状況": [
      0.024479166666666666,
      0.34130634774609014,
      0.05026041666666667,
      0.3670653173873045
    ],
    "乾溜ガス化炉B_温度_℃": [
      0.0018229166666666667,
      0.5584176632934683,
      0.01796875,
      0.5814167433302668
    ],
    "乾溜空気弁B_開度_%": [
      0.0020833333333333333,
      0.5795768169273229,
      0.018229166666666668,
      0.6016559337626495
    ],
    "乾溜ガス化炉C_温度_℃": [
      0.0020833333333333333,
      0.781048758049678,
      0.01796875,
      0.8031278748850046
    ],
    "乾溜ガス化炉B_運転状況": [
      0.024739583333333332,
      0.5252989880404784,
      0.049479166666666664,
      0.5510579576816927
    ],
    "乾溜空気弁C_開度_%": [
      0.0020833333333333333,
      0.8022079116835327,
      0.01875,
      0.8224471021159153
    ],
    "乾溜ガス化炉C_運転状況": [
      0.023697916666666666,
      0.7488500459981601,
      0.04973958333333333,
      0.7736890524379025
    ],
    "燃焼炉_温度_℃": [
      0.16119791666666666,
      0.47930082796688134,
      0.17369791666666667,
      0.49678012879484823
    ]
  }
}