{
  "image_size": [5760, 1107],
  "rois": {
    "乾溜ガス化炉A_温度_℃": [
      0.08854166666666667, 0.26377597109304424, 0.1, 0.2809394760614273
    ],
    "乾溜ガス化炉A_運転状況": [
      0.08194444444444444, 0.33062330623306235, 0.0890625, 0.34778681120144533
    ],
    "乾溜空気弁A_開度_%": [
      0.07430555555555556, 0.45709123757904246, 0.0828125, 0.4751580849141825
    ],
    "乾溜ガス化炉B_温度_℃": [
      0.15815972222222222, 0.26287262872628725, 0.16979166666666667,
      0.2809394760614273
    ],
    "乾溜ガス化炉B_運転状況": [
      0.1517361111111111, 0.33062330623306235, 0.15885416666666666,
      0.34688346883468835
    ],
    "乾溜ガス化炉C_運転状況": [
      0.22135416666666666, 0.33062330623306235, 0.22899305555555555,
      0.34688346883468835
    ],
    "乾溜空気弁B_開度_%": [
      0.14427083333333332, 0.45709123757904246, 0.15225694444444443,
      0.4751580849141825
    ],
    "乾溜ガス化炉C_温度_℃": [
      0.22777777777777777, 0.26287262872628725, 0.23940972222222223,
      0.2809394760614273
    ],
    "乾溜空気弁C_開度_%": [
      0.21371527777777777, 0.4561878952122855, 0.2222222222222222,
      0.47696476964769646
    ],
    "燃焼炉_温度_℃": [
      0.0920138888888889, 0.7226738934056007, 0.09965277777777778,
      0.7425474254742548
    ],
    "排ガス濃度_CO濃度_ppm": [
      0.2845486111111111, 0.6332429990966576, 0.2911458333333333,
      0.6504065040650406
    ],
    "排ガス濃度_O2濃度_%": [
      0.2890625, 0.6720867208672087, 0.29409722222222223, 0.6919602529358627
    ]
  }
}
