{
  "image_size": [
    3840,
    1087
  ],
  "rois": {
    "乾溜ガス化炉A_温度_℃": [
      0.5015625,
      0.45354185832566696,
      0.5182291666666666,
      0.47930082796688134
    ],
    "乾溜空気弁A_開度_%": [
      0.5010416666666667,
      0.48298068077276907,
      0.5182291666666666,
      0.5105795768169273
    ],
    "乾溜ガス化炉A_運転状況": [
      0.5239583333333333,
      0.45078196872125115,
      0.5489583333333333,
      0.47930082796688134
    ],
    "乾溜ガス化炉B_温度_℃": [
      0.5010416666666667,
      0.6807727690892365,
      0.5184895833333333,
      0.7046918123275069
    ],
    "乾溜空気弁B_開度_%": [
      0.50078125,
      0.7046918123275069,
      0.5190104166666667,
      0.7304507819687213
    ],
    "乾溜ガス化炉B_運転状況": [
      0.5252604166666667,
      0.6761729530818767,
      0.5502604166666667,
      0.7046918123275069
    ],
    "燃焼炉_温度_℃": [
      0.6143229166666667,
      0.5363385464581417,
      0.63125,
      0.562097516099356
    ]
  }
}