{
  "image_size": [3840, 1080],
  "rois": {
    "乾溜ガス化炉A_温度_℃": [
      0.25416666666666665, 0.29444444444444445, 0.26901041666666664,
      0.3175925925925926
    ],
    "乾溜ガス化炉B_温度_℃": [
      0.25416666666666665, 0.4537037037037037, 0.26875, 0.4759259259259259
    ],
    "乾溜ガス化炉C_温度_℃": [
      0.25416666666666665, 0.6481481481481481, 0.26901041666666664,
      0.6712962962962963
    ],
    "乾溜空気弁A_開度_%": [
      0.25416666666666665, 0.3175925925925926, 0.26901041666666664,
      0.3398148148148148
    ],
    "乾溜空気弁B_開度_%": [
      0.25416666666666665, 0.4787037037037037, 0.26927083333333335, 0.5
    ],
    "乾溜空気弁C_開度_%": [
      0.25416666666666665, 0.6722222222222223, 0.26901041666666664,
      0.6944444444444444
    ],
    "乾溜ガス化炉A_運転状況": [
      0.27447916666666666, 0.3148148148148148, 0.29973958333333334,
      0.3333333333333333
    ],
    "乾溜ガス化炉B_運転状況": [
      0.27421875, 0.4740740740740741, 0.29973958333333334, 0.49444444444444446
    ],
    "乾溜ガス化炉C_運転状況": [
      0.27447916666666666, 0.6675925925925926, 0.2994791666666667,
      0.687962962962963
    ],
    "燃焼炉_温度_℃": [
      0.3684895833333333, 0.5407407407407407, 0.38333333333333336,
      0.562962962962963
    ],
    "排ガス濃度_CO濃度_ppm": [
      0.478125, 0.3055555555555556, 0.4901041666666667, 0.32592592592592595
    ],
    "排ガス濃度_O2濃度_%": [
      0.478125, 0.3287037037037037, 0.4901041666666667, 0.3509259259259259
    ]
  }
}
