{
  "image_size": [
    3840,
    1080
  ],
  "rois": {
    "乾溜ガス化炉A_温度_℃": [
      0.00234375,
      0.43796296296296294,
      0.01796875,
      0.4666666666666667
    ],
    "乾溜空気弁A_開度_%": [
      0.0020833333333333333,
      0.46574074074074073,
      0.01796875,
      0.49722222222222223
    ],
    "乾溜ガス化炉B_温度_℃": [
      0.0018229166666666667,
      0.662962962962963,
      0.01875,
      0.6925925925925925
    ],
    "乾溜空気弁B_開度_%": [
      0.0020833333333333333,
      0.6925925925925925,
      0.019270833333333334,
      0.7212962962962963
    ],
    "燃焼炉_温度_℃": [
      0.11458333333333333,
      0.5212962962962963,
      0.13098958333333333,
      0.5472222222222223
    ],
    "乾溜ガス化炉A_運転状況": [
      0.024479166666666666,
      0.44074074074074077,
      0.04921875,
      0.4648148148148148
    ],
    "乾溜ガス化炉B_運転状況": [
      0.025260416666666667,
      0.6648148148148149,
      0.05026041666666667,
      0.6907407407407408
    ]
  }
}